id,name,amount,date,location,paymentId,email
1,Priya Sharma,2500,2025-01-15,Mumbai India,pay_test_001,priya@example.com
2,Rajesh Kumar,1800,2025-01-14,Delhi India,pay_test_002,rajesh@example.com
3,Anita Patel,1200,2025-01-13,Ahmedabad India,pay_test_003,anita@example.com
4,Vikram Singh,950,2025-01-12,Pune India,pay_test_004,vikram@example.com
5,Sunita Reddy,800,2025-01-11,Hyderabad India,pay_test_005,sunita@example.com
6,Arjun Mehta,750,2025-01-10,Bangalore India,pay_test_006,arjun@example.com
7,Kavita Joshi,600,2025-01-09,Jaipur India,pay_test_007,kavita@example.com
8,Rohit Agarwal,500,2025-01-08,Kolkata India,pay_test_008,rohit@example.com
9,Meera Gupta,450,2025-01-07,Chennai India,pay_test_009,meera@example.com
10,Suresh Yadav,350,2025-01-06,Lucknow India,pay_test_010,suresh@example.com
